customer_id,gender,age,married,state,number_of_referrals,tenure_in_months,value_deal,multiple_lines,internet_type,online_security,online_backup,device_protection_plan,premium_support,streaming_tv,streaming_movies,streaming_music,unlimited_data,contract,paperless_billing,payment_method,monthly_charge,total_charges,total_revenue,customer_status,churn_category,churn_reason,Customer_Status_Predited
93520-GUJ,Female,67,No,Gujarat,13,19,Deal 5,Yes,Fiber Optic,No,No,No,No,No,No,No,Yes,One Year,Yes,Bank Withdrawal,72.1,72.1,79.87,Joined,Others,Others,1
57256-BIH,Female,18,No,Bihar,9,7,,No,,No,No,No,No,No,No,No,No,Month-to-Month,No,Credit Card,19.85,57.2,66.56,Joined,Others,Others,1
72357-MAD,Female,53,No,Madhya Pradesh,14,12,Deal 5,No,DSL,No,No,No,No,No,No,No,Yes,Month-to-Month,Yes,Credit Card,44.3,44.3,87.25,Joined,Others,Others,1
66612-KAR,Female,58,Yes,Karnataka,11,18,,No,,No,No,No,No,No,No,No,No,Month-to-Month,No,Credit Card,19.95,58,66.07,Joined,Others,Others,1
22119-WES,Male,31,Yes,West Bengal,5,5,,No,,No,No,No,No,No,No,No,No,Month-to-Month,No,Credit Card,20.05,33.7,37.32,Joined,Others,Others,1
79168-UTT,Female,78,No,Uttar Pradesh,2,10,Deal 5,No,Cable,No,No,No,No,No,No,No,Yes,One Year,Yes,Bank Withdrawal,44.3,89.3,137.12,Joined,Others,Others,1
66712-GUJ,Female,47,Yes,Gujarat,6,33,Deal 5,No,Fiber Optic,No,Yes,No,No,No,Yes,Yes,Yes,Month-to-Month,No,Bank Withdrawal,84.3,235.05,276.21,Joined,Others,Others,1
53815-BIH,Female,36,No,Bihar,2,4,,No,,No,No,No,No,No,No,No,No,Month-to-Month,No,Credit Card,19.7,19.7,53.98,Joined,Others,Others,1
34110-MAH,Female,20,Yes,Maharashtra,6,3,,Yes,Cable,No,No,No,No,No,No,No,Yes,Month-to-Month,Yes,Bank Withdrawal,50.1,50.1,79.23,Joined,Others,Others,1
12056-WES,Male,27,No,West Bengal,2,20,,No,Fiber Optic,No,Yes,Yes,No,No,Yes,Yes,Yes,Month-to-Month,No,Bank Withdrawal,90.4,268.45,362.89,Joined,Others,Others,1
82129-JHA,Female,26,No,Jharkhand,9,8,Deal 5,No,DSL,No,Yes,No,No,Yes,No,No,Yes,Month-to-Month,Yes,Credit Card,58.7,168.6,203.01,Joined,Others,Others,1
27880-AND,Male,48,No,Andhra Pradesh,14,21,,Yes,,No,No,No,No,No,No,No,No,Two Year,Yes,Credit Card,26.4,121.25,222.86,Joined,Others,Others,0
39764-UTT,Female,39,Yes,Uttar Pradesh,5,14,,No,,No,No,No,No,No,No,No,No,Month-to-Month,No,Credit Card,19.35,46.35,135.03,Joined,Others,Others,1
29626-WES,Male,67,No,West Bengal,10,22,Deal 5,No,DSL,Yes,No,No,No,No,No,No,No,Month-to-Month,No,Bank Withdrawal,50.15,50.15,138.48,Joined,Others,Others,1
47133-ODI,Female,60,Yes,Odisha,15,8,,No,Cable,No,No,No,No,No,No,No,Yes,Month-to-Month,No,Bank Withdrawal,44.6,122.7,169.47,Joined,Others,Others,1
62842-HAR,Male,33,Yes,Haryana,11,25,,No,,No,No,No,No,No,No,No,No,Month-to-Month,No,Credit Card,19.3,44.4,144.22,Joined,Others,Others,1
21288-MAH,Female,63,No,Maharashtra,12,34,,Yes,DSL,No,No,No,No,Yes,No,No,No,Month-to-Month,Yes,Bank Withdrawal,60.25,170.5,300.8,Joined,Others,Others,1
83994-DEL,Male,48,Yes,Delhi,8,24,,No,Fiber Optic,No,No,No,No,Yes,Yes,Yes,Yes,Month-to-Month,No,Credit Card,90.7,237.65,253.82,Joined,Others,Others,1
24754-AND,Female,63,Yes,Andhra Pradesh,0,28,,No,Fiber Optic,No,No,No,No,No,No,No,Yes,Month-to-Month,Yes,Bank Withdrawal,69.55,200.2,171.41,Joined,Others,Others,1
62497-BIH,Female,20,No,Bihar,0,2,Deal 5,No,,No,No,No,No,No,No,No,No,Month-to-Month,Yes,Credit Card,20.75,67.1,116.27,Joined,Others,Others,0
24990-WES,Female,36,No,West Bengal,8,24,,No,Fiber Optic,No,No,No,No,No,No,No,Yes,Month-to-Month,Yes,Bank Withdrawal,71.65,135.75,193.81,Joined,Others,Others,1
26500-GUJ,Female,62,Yes,Gujarat,3,19,Deal 5,No,Cable,Yes,No,No,No,No,Yes,Yes,Yes,Month-to-Month,Yes,Mailed Check,62.15,113.1,209.88,Joined,Others,Others,1
17796-BIH,Female,65,No,Bihar,5,1,,No,Cable,Yes,No,No,No,No,No,No,Yes,Month-to-Month,Yes,Bank Withdrawal,48.45,48.45,64.87,Joined,Others,Others,1
21956-JHA,Female,59,Yes,Jharkhand,10,8,,No,Fiber Optic,Yes,No,No,Yes,No,No,No,No,Month-to-Month,Yes,Credit Card,82.3,214.4,369.31,Joined,Others,Others,1
92198-DEL,Female,44,Yes,Delhi,8,15,Deal 5,No,,No,No,No,No,No,No,No,No,Month-to-Month,Yes,Credit Card,20.25,20.25,48.43,Joined,Others,Others,1
79905-UTT,Female,24,No,Uttar Pradesh,0,12,,No,,No,No,No,No,No,No,No,No,Month-to-Month,No,Credit Card,20.45,20.45,50.54,Joined,Others,Others,1
71509-HAR,Female,40,No,Haryana,3,27,,No,DSL,No,No,No,No,Yes,No,No,Yes,Month-to-Month,Yes,Bank Withdrawal,54.65,54.65,90.98,Joined,Others,Others,1
62535-AND,Male,42,No,Andhra Pradesh,8,22,Deal 5,No,Cable,No,No,No,Yes,Yes,Yes,Yes,Yes,Month-to-Month,No,Credit Card,70.7,225.65,300.77,Joined,Others,Others,1
45978-GUJ,Female,38,Yes,Gujarat,2,19,,No,,No,No,No,No,No,No,No,No,Month-to-Month,No,Credit Card,20.75,44.2,99.54,Joined,Others,Others,1
91835-GUJ,Male,21,Yes,Gujarat,12,5,,No,Cable,No,No,Yes,Yes,Yes,Yes,Yes,Yes,Month-to-Month,Yes,Bank Withdrawal,75.5,75.5,81.13,Joined,Others,Others,1
98788-TAM,Male,58,Yes,Tamil Nadu,4,16,Deal 5,No,,No,No,No,No,No,No,No,No,Month-to-Month,Yes,Mailed Check,20.05,39.25,52.95,Joined,Others,Others,1
48018-RAJ,Male,39,No,Rajasthan,1,14,,No,,No,No,No,No,No,No,No,No,Month-to-Month,No,Credit Card,19.55,19.55,50.18,Joined,Others,Others,1
31601-DEL,Female,31,Yes,Delhi,2,10,,No,,No,No,No,No,No,No,No,No,Month-to-Month,No,Credit Card,19.65,19.65,62.07,Joined,Others,Others,1
74651-WES,Female,30,Yes,West Bengal,7,23,,No,DSL,No,Yes,No,No,No,No,No,Yes,Month-to-Month,No,Credit Card,29.2,98.5,98.5,Joined,Others,Others,1
42358-BIH,Female,53,No,Bihar,9,35,,No,DSL,No,No,No,No,Yes,No,No,Yes,Month-to-Month,Yes,Bank Withdrawal,54.2,140.4,264.54,Joined,Others,Others,1
71564-KAR,Female,48,No,Karnataka,6,5,,No,,No,No,No,No,No,No,No,No,Month-to-Month,No,Credit Card,19.05,19.05,24.07,Joined,Others,Others,1
22137-KAR,Female,51,No,Karnataka,4,28,,No,,No,No,No,No,No,No,No,No,One Year,No,Credit Card,19.85,19.85,67.31,Joined,Others,Others,1
44709-WES,Female,72,Yes,West Bengal,7,17,,No,DSL,No,Yes,No,No,No,No,No,Yes,Month-to-Month,Yes,Bank Withdrawal,30.75,82.85,82.85,Joined,Others,Others,1
27856-UTT,Female,33,Yes,Uttar Pradesh,1,32,Deal 5,No,,No,No,No,No,No,No,No,No,Month-to-Month,Yes,Bank Withdrawal,19.25,19.25,28.69,Joined,Others,Others,1
26567-UTT,Female,67,Yes,Uttar Pradesh,1,35,,No,,No,No,No,No,No,No,No,No,Two Year,No,Credit Card,20.35,20.35,50.44,Joined,Others,Others,1
27465-JAM,Female,50,No,Jammu & Kashmir,10,30,,No,,No,No,No,No,No,No,No,No,Month-to-Month,No,Credit Card,19.85,19.85,36.32,Joined,Others,Others,1
54195-MAH,Female,61,Yes,Maharashtra,11,23,,No,,No,No,No,No,No,No,No,No,Month-to-Month,No,Bank Withdrawal,19.75,19.75,57.37,Joined,Others,Others,1
94978-PUN,Female,36,No,Punjab,2,8,,No,,No,No,No,No,No,No,No,No,One Year,Yes,Credit Card,19.45,69.25,77.59,Joined,Others,Others,0
38748-AND,Female,22,Yes,Andhra Pradesh,13,6,,No,,No,No,No,No,No,No,No,No,Month-to-Month,No,Bank Withdrawal,19.65,19.65,47.53,Joined,Others,Others,1
78918-BIH,Female,59,No,Bihar,12,11,Deal 5,No,Fiber Optic,Yes,No,No,No,No,Yes,Yes,Yes,Month-to-Month,Yes,Credit Card,86.05,244.85,299.63,Joined,Others,Others,1
99515-ASS,Male,34,No,Assam,11,11,,Yes,Cable,No,No,No,Yes,Yes,No,No,Yes,Month-to-Month,Yes,Credit Card,65.25,209.9,337.94,Joined,Others,Others,0
26902-TEL,Male,52,Yes,Telangana,7,2,,No,Fiber Optic,No,No,No,Yes,Yes,Yes,Yes,Yes,Month-to-Month,Yes,Bank Withdrawal,95.85,95.85,98.55,Joined,Others,Others,1
97497-RAJ,Male,24,Yes,Rajasthan,9,8,Deal 5,No,DSL,No,Yes,No,No,No,No,No,Yes,Month-to-Month,Yes,Bank Withdrawal,49.9,49.9,56.25,Joined,Others,Others,1
28317-MAD,Female,29,Yes,Madhya Pradesh,14,6,,No,,No,No,No,No,No,No,No,No,Two Year,No,Mailed Check,19.1,52,187.99,Joined,Others,Others,0
32063-UTT,Female,63,Yes,Uttar Pradesh,6,31,Deal 5,No,,No,No,No,No,No,No,No,No,Month-to-Month,Yes,Credit Card,19,19,47.28,Joined,Others,Others,1
84843-MAD,Female,57,Yes,Madhya Pradesh,11,8,,Yes,Fiber Optic,No,No,No,No,No,No,No,Yes,Month-to-Month,Yes,Bank Withdrawal,75.1,75.1,79.63,Joined,Others,Others,1
43920-RAJ,Female,38,No,Rajasthan,9,3,Deal 5,No,Cable,Yes,No,No,No,No,No,No,Yes,Month-to-Month,No,Credit Card,49.9,49.9,58.9,Joined,Others,Others,1
94609-HAR,Female,45,No,Haryana,1,11,,No,,No,No,No,No,No,No,No,No,Month-to-Month,No,Credit Card,19.65,60.65,151.67,Joined,Others,Others,1
48939-BIH,Female,38,Yes,Bihar,1,6,,No,DSL,No,Yes,No,No,No,No,No,Yes,Month-to-Month,No,Bank Withdrawal,49.95,49.95,94.93,Joined,Others,Others,1
67882-UTT,Female,44,No,Uttar Pradesh,3,16,Deal 5,No,DSL,No,No,No,No,No,No,No,Yes,Month-to-Month,No,Bank Withdrawal,43.8,43.8,81.3,Joined,Others,Others,1
18015-ODI,Female,28,Yes,Odisha,15,9,,No,DSL,No,No,No,Yes,No,No,No,Yes,Month-to-Month,Yes,Bank Withdrawal,49.9,49.9,64.83,Joined,Others,Others,1
12257-ASS,Female,39,No,Assam,9,1,,No,,No,No,No,No,No,No,No,No,Month-to-Month,Yes,Credit Card,19.55,19.55,29.75,Joined,Others,Others,1
78253-GUJ,Male,63,No,Gujarat,13,30,,No,Fiber Optic,No,Yes,No,No,No,Yes,Yes,Yes,Month-to-Month,Yes,Bank Withdrawal,85,85,100.2,Joined,Others,Others,1
66868-HAR,Female,25,Yes,Haryana,13,10,,No,Fiber Optic,No,No,No,No,No,No,No,No,Month-to-Month,Yes,Bank Withdrawal,70.25,70.25,90.3,Joined,Others,Others,1
33776-BIH,Male,32,Yes,Bihar,6,10,,No,,No,No,No,No,No,No,No,No,Month-to-Month,No,Credit Card,19.2,19.2,55.08,Joined,Others,Others,1
16931-BIH,Female,39,Yes,Bihar,8,23,Deal 5,No,,No,No,No,No,No,No,No,No,Month-to-Month,Yes,Credit Card,19.3,19.3,27.96,Joined,Others,Others,1
74518-ODI,Female,27,No,Odisha,13,13,Deal 5,No,DSL,No,No,No,No,No,No,No,Yes,Month-to-Month,No,Bank Withdrawal,44.45,82.7,120.1,Joined,Others,Others,1
83486-MAH,Male,34,No,Maharashtra,5,4,Deal 5,No,Fiber Optic,No,No,Yes,No,No,No,No,Yes,Month-to-Month,No,Credit Card,75.35,75.35,114.24,Joined,Others,Others,1
38663-UTT,Male,42,No,Uttar Pradesh,7,15,Deal 5,No,,No,No,No,No,No,No,No,No,Month-to-Month,No,Credit Card,20.3,40.25,54.79,Joined,Others,Others,1
44655-TEL,Male,41,Yes,Telangana,0,25,,No,DSL,No,No,No,Yes,No,No,No,Yes,Month-to-Month,Yes,Mailed Check,50.5,147.75,226.89,Joined,Others,Others,1
11751-TAM,Female,18,No,Tamil Nadu,5,7,Deal 5,No,DSL,No,No,No,No,No,No,No,Yes,Month-to-Month,No,Mailed Check,24.3,38.45,38.45,Joined,Others,Others,1
45213-AND,Female,25,Yes,Andhra Pradesh,15,5,Deal 5,No,Cable,Yes,No,No,No,No,Yes,Yes,Yes,Month-to-Month,Yes,Credit Card,61.2,125.95,190.07,Joined,Others,Others,1
21165-DEL,Female,38,No,Delhi,2,32,Deal 5,No,,No,No,No,No,No,No,No,No,Month-to-Month,No,Credit Card,19.95,38.15,107.29,Joined,Others,Others,1
83113-GUJ,Male,35,No,Gujarat,8,30,,No,DSL,No,No,No,Yes,No,No,No,Yes,Month-to-Month,No,Credit Card,29.15,29.15,29.15,Joined,Others,Others,1
34319-UTT,Male,40,Yes,Uttar Pradesh,12,25,Deal 5,No,DSL,No,Yes,No,No,No,No,No,Yes,Month-to-Month,Yes,Credit Card,50.15,50.15,70.45,Joined,Others,Others,1
73044-KAR,Male,23,Yes,Karnataka,15,5,,No,Fiber Optic,No,Yes,No,No,No,No,No,Yes,Month-to-Month,No,Credit Card,74.6,74.6,117.59,Joined,Others,Others,1
71689-PUN,Female,42,Yes,Punjab,3,19,,No,DSL,No,No,No,No,No,No,No,Yes,Month-to-Month,No,Credit Card,43.95,43.95,89.54,Joined,Others,Others,1
78885-TAM,Female,43,No,Tamil Nadu,2,5,Deal 5,No,,No,No,No,No,No,No,No,No,Month-to-Month,No,Credit Card,19.5,19.5,39.61,Joined,Others,Others,1
65987-TAM,Male,52,Yes,Tamil Nadu,9,34,Deal 5,Yes,DSL,Yes,Yes,No,No,No,No,No,Yes,Month-to-Month,No,Bank Withdrawal,61.15,61.15,78.22,Joined,Others,Others,1
94070-JAM,Female,21,Yes,Jammu & Kashmir,8,3,,No,Fiber Optic,No,No,No,No,Yes,Yes,Yes,Yes,Month-to-Month,Yes,Bank Withdrawal,90.1,90.1,114.43,Joined,Others,Others,1
85031-RAJ,Female,60,No,Rajasthan,1,4,Deal 5,No,DSL,No,No,No,No,No,No,No,Yes,Month-to-Month,No,Bank Withdrawal,44,44,57.4,Joined,Others,Others,1
72469-MAD,Male,56,No,Madhya Pradesh,9,9,,No,Cable,Yes,No,Yes,No,No,No,No,Yes,Month-to-Month,No,Credit Card,55.7,55.7,73.38,Joined,Others,Others,1
46792-MAD,Female,59,Yes,Madhya Pradesh,6,25,Deal 5,No,DSL,No,No,Yes,Yes,No,No,No,Yes,Month-to-Month,No,Credit Card,35.9,35.9,35.9,Joined,Others,Others,1
28873-TAM,Male,55,No,Tamil Nadu,7,4,,No,Fiber Optic,No,Yes,No,No,No,No,No,Yes,Month-to-Month,No,Bank Withdrawal,74.95,151.75,159.27,Joined,Others,Others,1
95748-UTT,Male,22,Yes,Uttar Pradesh,5,4,Deal 5,Yes,,No,No,No,No,No,No,No,No,Month-to-Month,No,Mailed Check,25.4,25.4,58.13,Joined,Others,Others,1
23683-TEL,Male,26,No,Telangana,10,16,,No,,No,No,No,No,No,No,No,No,Month-to-Month,Yes,Credit Card,20.25,20.25,63.21,Joined,Others,Others,1
84789-PUN,Male,46,No,Punjab,9,19,Deal 5,No,Fiber Optic,No,Yes,Yes,Yes,Yes,Yes,Yes,Yes,Month-to-Month,Yes,Bank Withdrawal,107.95,318.6,356.58,Joined,Others,Others,1
84508-TAM,Female,28,Yes,Tamil Nadu,11,28,,No,,No,No,No,No,No,No,No,No,Month-to-Month,No,Credit Card,21.1,21.1,39.91,Joined,Others,Others,1
98301-WES,Male,28,Yes,West Bengal,4,27,,No,Cable,Yes,No,Yes,No,No,No,No,Yes,Month-to-Month,No,Bank Withdrawal,53.45,119.5,144.68,Joined,Others,Others,1
16068-BIH,Female,44,Yes,Bihar,4,25,Deal 5,No,DSL,No,No,No,No,No,No,No,No,Month-to-Month,No,Bank Withdrawal,25.25,25.25,35.25,Joined,Others,Others,1
42768-TAM,Female,45,No,Tamil Nadu,13,14,,No,,No,No,No,No,No,No,No,No,Month-to-Month,No,Credit Card,19.4,19.4,22.25,Joined,Others,Others,1
46619-RAJ,Male,25,No,Rajasthan,1,14,,No,,No,No,No,No,No,No,No,No,One Year,No,Credit Card,20.4,20.4,47.9,Joined,Others,Others,1
84613-BIH,Female,30,No,Bihar,8,22,Deal 5,Yes,Fiber Optic,No,Yes,No,No,No,No,No,No,Month-to-Month,Yes,Credit Card,79.15,79.15,157.15,Joined,Others,Others,1
91320-PUD,Female,58,No,Puducherry,0,18,,No,Fiber Optic,No,No,No,No,No,No,No,Yes,Month-to-Month,No,Bank Withdrawal,70.1,70.1,71.25,Joined,Others,Others,1
39540-BIH,Female,34,No,Bihar,12,13,,No,Cable,No,No,No,Yes,No,No,No,Yes,Month-to-Month,No,Credit Card,49.05,49.05,74.82,Joined,Others,Others,1
19539-PUN,Female,37,Yes,Punjab,14,8,Deal 5,No,DSL,No,No,No,No,No,No,No,Yes,Month-to-Month,Yes,Credit Card,45.4,45.4,94.73,Joined,Others,Others,1
23256-HAR,Female,32,Yes,Haryana,10,31,Deal 5,No,,No,No,No,No,No,No,No,No,Month-to-Month,No,Bank Withdrawal,19.85,52,124.1,Joined,Others,Others,1
66164-CHH,Female,62,No,Chhattisgarh,13,20,,No,,No,No,No,No,No,No,No,No,Month-to-Month,No,Credit Card,19.4,61.05,74.35,Joined,Others,Others,1
45038-BIH,Female,25,Yes,Bihar,7,14,,No,Fiber Optic,Yes,No,No,No,No,No,No,Yes,Month-to-Month,Yes,Bank Withdrawal,74.55,233.65,263.95,Joined,Others,Others,1
58974-MAD,Male,34,No,Madhya Pradesh,11,14,,No,,No,No,No,No,No,No,No,No,Month-to-Month,No,Credit Card,20.3,41.2,66.56,Joined,Others,Others,1
94243-TAM,Female,34,No,Tamil Nadu,5,15,,No,,No,No,No,No,No,No,No,No,Month-to-Month,Yes,Credit Card,19.9,19.9,27.66,Joined,Others,Others,1
92398-AND,Male,35,No,Andhra Pradesh,5,12,Deal 5,No,,No,No,No,No,No,No,No,No,Month-to-Month,Yes,Credit Card,20,61.7,107.81,Joined,Others,Others,1
84535-TAM,Male,46,No,Tamil Nadu,2,36,,No,,No,No,No,No,No,No,No,No,Month-to-Month,No,Mailed Check,20.4,42.9,141.96,Joined,Others,Others,1
72971-TAM,Female,81,No,Tamil Nadu,6,8,,No,Fiber Optic,No,No,No,Yes,No,No,No,Yes,One Year,No,Bank Withdrawal,74.7,74.7,102.35,Joined,Others,Others,1
56554-RAJ,Female,29,Yes,Rajasthan,0,11,Deal 5,No,,No,No,No,No,No,No,No,No,Month-to-Month,Yes,Credit Card,19.75,19.75,29.97,Joined,Others,Others,1
86362-ASS,Female,35,Yes,Assam,15,11,,No,Fiber Optic,No,No,No,Yes,No,No,No,Yes,Month-to-Month,Yes,Mailed Check,74.3,74.3,113.85,Joined,Others,Others,1
64327-AND,Female,59,Yes,Andhra Pradesh,8,9,,No,,No,No,No,No,No,No,No,No,Month-to-Month,Yes,Credit Card,20.65,20.65,55.89,Joined,Others,Others,1
84687-PUN,Female,31,No,Punjab,0,18,Deal 5,No,Cable,No,No,No,No,No,No,No,No,Month-to-Month,No,Credit Card,24.7,24.7,94.7,Joined,Others,Others,1
28239-UTT,Female,55,Yes,Uttar Pradesh,0,5,,No,,No,No,No,No,No,No,No,No,Month-to-Month,No,Credit Card,19.95,19.95,58.79,Joined,Others,Others,1
46571-HAR,Female,65,Yes,Haryana,8,33,Deal 5,Yes,Fiber Optic,No,No,No,No,No,Yes,No,Yes,Two Year,Yes,Bank Withdrawal,84.05,186.05,229.85,Joined,Others,Others,0
42574-ASS,Female,25,No,Assam,5,3,,No,,No,No,No,No,No,No,No,No,Month-to-Month,No,Credit Card,19.55,19.55,27.78,Joined,Others,Others,1
71261-TAM,Female,59,No,Tamil Nadu,2,27,,No,Cable,Yes,Yes,No,Yes,No,Yes,Yes,Yes,Month-to-Month,Yes,Bank Withdrawal,70.45,70.45,90.55,Joined,Others,Others,1
14567-TAM,Male,43,No,Tamil Nadu,1,9,,No,,No,No,No,No,No,No,No,No,Month-to-Month,No,Credit Card,20.35,20.35,64.44,Joined,Others,Others,1
77688-TAM,Male,35,No,Tamil Nadu,4,13,,No,DSL,No,No,No,Yes,No,No,No,Yes,Month-to-Month,No,Credit Card,49,49,98.19,Joined,Others,Others,1
53612-UTT,Female,39,Yes,Uttar Pradesh,8,34,,No,,No,No,No,No,No,No,No,No,Month-to-Month,No,Credit Card,20.85,72,107.31,Joined,Others,Others,1
13058-MAD,Female,58,No,Madhya Pradesh,13,22,,No,DSL,No,No,No,No,No,No,No,Yes,Month-to-Month,Yes,Mailed Check,46.1,130.15,138.13,Joined,Others,Others,1
23729-UTT,Female,58,No,Uttar Pradesh,14,19,Deal 5,No,,No,No,No,No,No,No,No,No,Month-to-Month,Yes,Credit Card,19.65,38.8,58.02,Joined,Others,Others,1
12136-RAJ,Female,25,Yes,Rajasthan,2,35,,No,,No,No,No,No,No,No,No,No,Month-to-Month,No,Bank Withdrawal,19.9,19.9,31.73,Joined,Others,Others,1
35658-JHA,Male,35,No,Jharkhand,2,16,,No,,No,No,No,No,No,No,No,No,Month-to-Month,No,Mailed Check,20.45,20.45,60.06,Joined,Others,Others,1
63487-MAH,Female,36,Yes,Maharashtra,8,34,,No,Cable,No,No,No,No,No,No,No,Yes,Month-to-Month,No,Credit Card,44.75,44.75,85.62,Joined,Others,Others,1
86289-UTT,Male,27,No,Uttar Pradesh,4,27,,No,,No,No,No,No,No,No,No,No,Month-to-Month,No,Credit Card,20.3,20.3,49.49,Joined,Others,Others,1
32586-UTT,Female,25,No,Uttar Pradesh,15,10,,Yes,,No,No,No,No,No,No,No,No,Month-to-Month,Yes,Credit Card,-8,25.75,40.97,Joined,Others,Others,1
66749-KER,Female,47,No,Kerala,9,5,,No,,No,No,No,No,No,No,No,No,Month-to-Month,No,Credit Card,20.75,20.75,57.03,Joined,Others,Others,1
46479-GUJ,Male,41,Yes,Gujarat,0,13,,No,DSL,Yes,Yes,No,Yes,No,Yes,Yes,Yes,Two Year,No,Credit Card,71.1,213.35,321.73,Joined,Others,Others,0
53295-WES,Female,35,No,West Bengal,7,33,Deal 5,Yes,,No,No,No,No,No,No,No,No,Month-to-Month,Yes,Bank Withdrawal,25.7,25.7,69.54,Joined,Others,Others,1
15349-UTT,Male,47,Yes,Uttar Pradesh,9,12,Deal 5,Yes,DSL,No,No,No,No,No,No,No,Yes,Month-to-Month,Yes,Bank Withdrawal,50.15,50.15,90.02,Joined,Others,Others,1
28281-KAR,Male,56,Yes,Karnataka,8,32,Deal 5,No,Fiber Optic,No,No,No,No,No,Yes,Yes,Yes,Month-to-Month,Yes,Bank Withdrawal,80.35,253.8,402.69,Joined,Others,Others,1
88111-MAH,Female,52,Yes,Maharashtra,15,32,,No,Fiber Optic,Yes,Yes,No,Yes,No,No,No,Yes,Month-to-Month,Yes,Credit Card,83.4,83.4,126.46,Joined,Others,Others,1
42029-TAM,Male,32,Yes,Tamil Nadu,3,30,,No,,No,No,No,No,No,No,No,No,Month-to-Month,Yes,Bank Withdrawal,20.5,76.95,187.98,Joined,Others,Others,0
12490-TEL,Female,52,No,Telangana,9,6,,No,Fiber Optic,No,No,Yes,No,No,No,No,Yes,Month-to-Month,Yes,Mailed Check,74.75,238.1,236.76,Joined,Others,Others,1
34024-AND,Female,45,Yes,Andhra Pradesh,4,21,,No,,No,No,No,No,No,No,No,No,Month-to-Month,No,Credit Card,20.05,20.05,27.71,Joined,Others,Others,1
71752-TEL,Female,51,No,Telangana,4,2,Deal 5,No,,No,No,No,No,No,No,No,No,Month-to-Month,No,Bank Withdrawal,19.9,57.4,111.2,Joined,Others,Others,1
62968-UTT,Female,18,No,Uttar Pradesh,4,3,,No,Cable,No,No,No,Yes,No,Yes,Yes,Yes,Month-to-Month,Yes,Credit Card,59.55,59.55,100.94,Joined,Others,Others,1
68826-MAH,Male,48,No,Maharashtra,14,1,,No,Cable,No,No,No,No,No,No,No,No,Month-to-Month,Yes,Bank Withdrawal,24.7,24.7,24.7,Joined,Others,Others,1
36017-TAM,Female,52,Yes,Tamil Nadu,15,23,,No,,No,No,No,No,No,No,No,No,Month-to-Month,No,Credit Card,19.55,19.55,60.18,Joined,Others,Others,1
83610-BIH,Female,66,Yes,Bihar,0,11,Deal 5,No,Fiber Optic,No,No,Yes,No,No,No,No,Yes,Two Year,Yes,Bank Withdrawal,74.2,140.1,154.68,Joined,Others,Others,0
32563-KAR,Female,34,Yes,Karnataka,3,22,,No,Fiber Optic,No,No,No,No,No,No,No,No,Month-to-Month,Yes,Bank Withdrawal,69.8,146.65,179.03,Joined,Others,Others,1
36284-ODI,Male,43,Yes,Odisha,4,13,,No,DSL,No,No,No,No,No,No,No,Yes,Month-to-Month,No,Bank Withdrawal,44.55,44.55,85.65,Joined,Others,Others,1
46378-MAH,Female,59,Yes,Maharashtra,15,10,,No,Fiber Optic,No,No,No,No,No,No,No,Yes,Month-to-Month,Yes,Credit Card,70.4,154.8,169.78,Joined,Others,Others,1
44202-TEL,Female,50,Yes,Telangana,9,14,,No,Fiber Optic,No,No,No,No,No,No,No,Yes,Month-to-Month,Yes,Credit Card,69.95,69.95,81.4,Joined,Others,Others,1
17154-HAR,Male,32,No,Haryana,13,4,,No,,No,No,No,No,No,No,No,No,One Year,No,Mailed Check,18.8,18.8,62.37,Joined,Others,Others,1
19837-TAM,Female,57,Yes,Tamil Nadu,4,6,,No,Cable,No,Yes,No,No,Yes,Yes,Yes,Yes,Month-to-Month,No,Bank Withdrawal,51.4,96.8,96.8,Joined,Others,Others,1
13666-UTT,Male,57,Yes,Uttarakhand,15,16,,No,Fiber Optic,No,Yes,No,No,Yes,Yes,Yes,Yes,Month-to-Month,No,Bank Withdrawal,95.4,293.15,344.18,Joined,Others,Others,1
48307-WES,Female,56,No,West Bengal,4,15,Deal 5,No,Cable,No,No,Yes,No,Yes,Yes,Yes,No,One Year,Yes,Bank Withdrawal,69.95,220.45,338.98,Joined,Others,Others,0
26412-ASS,Female,30,No,Assam,7,18,,No,,No,No,No,No,No,No,No,No,Month-to-Month,Yes,Bank Withdrawal,20.7,39.85,67.63,Joined,Others,Others,1
86891-GUJ,Male,25,No,Gujarat,7,5,,No,,No,No,No,No,No,No,No,No,Month-to-Month,No,Credit Card,20.05,20.05,38.2,Joined,Others,Others,1
34101-TAM,Female,41,No,Tamil Nadu,5,35,,No,,No,No,No,No,No,No,No,No,Month-to-Month,No,Bank Withdrawal,20.2,50.6,105.89,Joined,Others,Others,1
63464-AND,Male,48,No,Andhra Pradesh,7,5,,No,DSL,No,No,No,Yes,No,Yes,Yes,Yes,Month-to-Month,No,Credit Card,60.65,196.9,264.37,Joined,Others,Others,1
92134-BIH,Male,24,No,Bihar,5,11,,No,DSL,No,No,No,No,Yes,No,No,Yes,Month-to-Month,Yes,Credit Card,34.8,113.95,113.95,Joined,Others,Others,1
48051-GUJ,Female,49,Yes,Gujarat,0,36,,No,DSL,No,No,No,No,No,No,No,Yes,One Year,No,Credit Card,25.85,25.85,25.85,Joined,Others,Others,1
19811-MAH,Female,35,Yes,Maharashtra,10,7,Deal 5,No,Fiber Optic,Yes,Yes,No,No,Yes,No,No,Yes,Month-to-Month,No,Bank Withdrawal,89.85,248.4,348.3,Joined,Others,Others,1
82473-AND,Male,63,Yes,Andhra Pradesh,10,1,Deal 5,No,DSL,No,Yes,No,No,No,No,No,Yes,Month-to-Month,No,Credit Card,29.8,94.4,94.4,Joined,Others,Others,1
89512-JAM,Male,57,No,Jammu & Kashmir,3,34,,Yes,DSL,Yes,Yes,No,No,No,No,No,Yes,Month-to-Month,No,Bank Withdrawal,60.95,134.6,164.36,Joined,Others,Others,1
27553-UTT,Female,53,Yes,Uttar Pradesh,0,18,,No,,No,No,No,No,No,No,No,No,Month-to-Month,No,Credit Card,20.3,20.3,24.39,Joined,Others,Others,1
83196-UTT,Female,61,Yes,Uttar Pradesh,3,10,,Yes,Fiber Optic,Yes,No,No,No,No,No,No,Yes,Month-to-Month,No,Credit Card,80.55,188.1,198.7,Joined,Others,Others,1
95735-PUN,Female,53,No,Punjab,10,21,,No,,No,No,No,No,No,No,No,No,Month-to-Month,No,Credit Card,19.25,48.35,90.71,Joined,Others,Others,1
52279-TAM,Male,53,No,Tamil Nadu,15,26,Deal 5,No,Fiber Optic,No,No,No,No,Yes,No,No,Yes,Month-to-Month,Yes,Bank Withdrawal,80.7,239.45,310.61,Joined,Others,Others,1
46004-TAM,Male,25,Yes,Tamil Nadu,1,6,,No,DSL,No,No,No,Yes,Yes,Yes,Yes,Yes,Month-to-Month,No,Bank Withdrawal,-8,132.4,179.44,Joined,Others,Others,1
45672-TAM,Female,29,No,Tamil Nadu,0,2,,No,,No,No,No,No,No,No,No,No,Month-to-Month,No,Mailed Check,20.2,20.2,62.35,Joined,Others,Others,1
19541-ODI,Female,37,Yes,Odisha,15,14,Deal 5,No,Cable,No,No,No,No,No,No,No,Yes,Month-to-Month,Yes,Credit Card,45.25,74.2,153.2,Joined,Others,Others,1
79777-MAH,Male,77,Yes,Maharashtra,13,33,,Yes,Fiber Optic,No,No,No,No,No,No,No,Yes,Month-to-Month,Yes,Mailed Check,72.6,154.3,184.68,Joined,Others,Others,1
95822-AND,Male,34,Yes,Andhra Pradesh,3,26,,No,,No,No,No,No,No,No,No,No,Month-to-Month,Yes,Credit Card,19.2,19.2,37.09,Joined,Others,Others,1
97828-MAH,Female,57,No,Maharashtra,0,12,Deal 5,No,Fiber Optic,No,No,No,No,Yes,Yes,Yes,Yes,Month-to-Month,Yes,Bank Withdrawal,92,266.8,313.6,Joined,Others,Others,1
54564-AND,Female,55,Yes,Andhra Pradesh,11,7,,Yes,Fiber Optic,No,No,No,No,No,No,No,Yes,Month-to-Month,No,Bank Withdrawal,76.1,257.6,300.65,Joined,Others,Others,1
84720-GUJ,Male,55,Yes,Gujarat,11,6,,No,,No,No,No,No,No,No,No,No,Month-to-Month,No,Credit Card,19.2,19.2,51.98,Joined,Others,Others,1
38779-HAR,Female,25,No,Haryana,13,19,,No,,No,No,No,No,No,No,No,No,Month-to-Month,Yes,Credit Card,20.05,75.45,189,Joined,Others,Others,0
39623-HAR,Female,85,No,Haryana,2,10,Deal 5,No,Fiber Optic,No,Yes,No,No,No,No,No,No,Month-to-Month,Yes,Bank Withdrawal,74.6,239.05,387.58,Joined,Others,Others,1
53186-HAR,Male,74,Yes,Haryana,10,2,Deal 5,No,DSL,No,No,No,No,No,No,No,Yes,One Year,No,Bank Withdrawal,45.25,45.25,57.14,Joined,Others,Others,1
82010-WES,Female,46,No,West Bengal,14,7,Deal 5,Yes,Fiber Optic,No,Yes,No,No,No,No,No,Yes,Month-to-Month,No,Bank Withdrawal,79.55,151.75,202.87,Joined,Others,Others,1
46865-PUN,Female,18,No,Punjab,11,1,Deal 5,Yes,Fiber Optic,No,Yes,No,No,No,No,No,Yes,Month-to-Month,Yes,Bank Withdrawal,79.45,145.15,202.37,Joined,Others,Others,1
99488-KAR,Male,50,Yes,Karnataka,10,31,,No,DSL,No,No,No,No,No,No,No,Yes,Month-to-Month,No,Credit Card,24.4,24.4,24.4,Joined,Others,Others,1
73547-KAR,Female,43,Yes,Karnataka,13,16,,Yes,Fiber Optic,No,No,No,No,Yes,No,No,Yes,Month-to-Month,Yes,Bank Withdrawal,84.05,134.05,178.51,Joined,Others,Others,1
12469-AND,Male,24,Yes,Andhra Pradesh,11,4,,No,DSL,No,No,No,No,Yes,No,No,Yes,Month-to-Month,Yes,Credit Card,55.3,55.3,91.99,Joined,Others,Others,1
77137-MAH,Male,52,No,Maharashtra,1,8,Deal 5,No,DSL,No,No,No,No,No,No,No,Yes,Month-to-Month,Yes,Mailed Check,45.55,45.55,61.89,Joined,Others,Others,1
35075-PUN,Male,64,Yes,Punjab,5,9,,No,Cable,No,No,Yes,Yes,No,No,No,Yes,Month-to-Month,No,Credit Card,55.05,55.05,69.7,Joined,Others,Others,1
61474-TEL,Male,52,Yes,Telangana,11,17,,No,,No,No,No,No,No,No,No,No,Month-to-Month,No,Credit Card,20.35,20.35,52.32,Joined,Others,Others,1
63883-KAR,Female,33,Yes,Karnataka,12,26,,No,,No,No,No,No,No,No,No,No,Month-to-Month,Yes,Mailed Check,20.45,42.45,136.83,Joined,Others,Others,1
19041-AND,Female,36,No,Andhra Pradesh,6,21,Deal 5,No,Cable,Yes,No,No,Yes,No,No,No,Yes,Month-to-Month,No,Credit Card,35.1,101.1,101.1,Joined,Others,Others,1
74378-KAR,Female,37,Yes,Karnataka,12,30,,No,DSL,Yes,No,No,Yes,No,No,No,Yes,Month-to-Month,Yes,Credit Card,54.45,87.3,127.04,Joined,Others,Others,1
23605-MAH,Female,31,Yes,Maharashtra,1,19,,No,,No,No,No,No,No,No,No,No,Month-to-Month,No,Credit Card,20.75,20.75,28.32,Joined,Others,Others,1
22765-MAH,Female,40,Yes,Maharashtra,6,16,Deal 5,No,,No,No,No,No,No,No,No,No,Month-to-Month,No,Bank Withdrawal,19.45,19.45,35.89,Joined,Others,Others,1
93521-MAH,Female,55,No,Maharashtra,6,35,,No,DSL,No,No,No,Yes,No,No,No,No,Month-to-Month,Yes,Bank Withdrawal,-1,49.3,74.27,Joined,Others,Others,1
56460-MAH,Male,38,Yes,Maharashtra,12,23,Deal 5,No,Fiber Optic,No,No,No,No,No,No,No,No,Month-to-Month,No,Credit Card,-1,129.2,144.64,Joined,Others,Others,0
94305-KAR,Male,49,Yes,Karnataka,5,18,Deal 5,No,,No,No,No,No,No,No,No,No,Month-to-Month,No,Bank Withdrawal,19.75,19.75,25.07,Joined,Others,Others,1
15591-KAR,Female,26,No,Karnataka,3,31,,No,,No,No,No,No,No,No,No,No,Month-to-Month,No,Credit Card,20.4,20.4,66.31,Joined,Others,Others,1
98334-MAD,Male,67,Yes,Madhya Pradesh,15,20,,No,,No,No,No,No,No,No,No,No,Month-to-Month,No,Bank Withdrawal,20.2,65.95,161.38,Joined,Others,Others,1
47737-UTT,Male,42,No,Uttar Pradesh,15,25,,No,,No,No,No,No,No,No,No,No,Month-to-Month,No,Credit Card,19.65,19.65,36.56,Joined,Others,Others,1
24696-BIH,Female,69,Yes,Bihar,0,20,Deal 5,No,DSL,No,No,No,No,No,No,No,Yes,Month-to-Month,No,Bank Withdrawal,43.95,85.1,123.28,Joined,Others,Others,1
18829-TAM,Female,49,Yes,Tamil Nadu,4,31,Deal 5,No,,No,No,No,No,No,No,No,No,Month-to-Month,No,Credit Card,18.8,56,75.83,Joined,Others,Others,1
72391-UTT,Male,35,No,Uttar Pradesh,1,7,,No,DSL,No,No,No,No,No,Yes,Yes,Yes,Month-to-Month,No,Bank Withdrawal,35,35,35,Joined,Others,Others,1
77230-RAJ,Female,59,Yes,Rajasthan,5,4,,No,,No,No,No,No,No,No,No,No,Month-to-Month,Yes,Bank Withdrawal,19.65,31.2,46.8,Joined,Others,Others,1
52403-WES,Female,66,Yes,West Bengal,9,6,,No,Fiber Optic,No,No,No,No,No,No,No,No,Two Year,Yes,Bank Withdrawal,71.25,71.25,98.85,Joined,Others,Others,0
19998-AND,Female,18,No,Andhra Pradesh,0,2,Deal 5,No,Fiber Optic,No,No,Yes,No,No,Yes,Yes,Yes,Month-to-Month,No,Credit Card,85.7,256.75,346.27,Joined,Others,Others,1
36483-KAR,Male,42,No,Karnataka,2,14,,No,,No,No,No,No,No,No,No,No,Month-to-Month,No,Credit Card,19.75,19.75,35.52,Joined,Others,Others,1
54598-TAM,Male,59,No,Tamil Nadu,11,32,,No,,No,No,No,No,No,No,No,No,Month-to-Month,No,Credit Card,19.75,39.3,43.24,Joined,Others,Others,1
66669-HAR,Male,44,No,Haryana,12,32,Deal 5,No,Cable,No,No,No,No,No,No,No,Yes,Month-to-Month,Yes,Bank Withdrawal,44.05,44.05,74.78,Joined,Others,Others,1
35606-BIH,Male,76,Yes,Bihar,12,18,Deal 5,No,Fiber Optic,No,No,Yes,No,No,No,No,No,One Year,No,Credit Card,75.05,202.9,331.73,Joined,Others,Others,0
33773-UTT,Male,58,Yes,Uttar Pradesh,3,6,Deal 5,No,,No,No,No,No,No,No,No,No,Month-to-Month,No,Credit Card,20.6,20.6,22.08,Joined,Others,Others,1
43877-PUN,Male,23,No,Punjab,6,3,,No,DSL,No,No,Yes,No,No,Yes,Yes,Yes,Month-to-Month,No,Bank Withdrawal,60.85,111.4,141.9,Joined,Others,Others,1
16764-WES,Male,40,No,West Bengal,15,13,Deal 5,No,,No,No,No,No,No,No,No,No,Month-to-Month,No,Credit Card,20.8,20.8,68.94,Joined,Others,Others,1
95991-MAD,Female,37,Yes,Madhya Pradesh,0,32,,No,Cable,No,No,No,Yes,No,No,No,Yes,Month-to-Month,Yes,Credit Card,50.25,152.3,236.87,Joined,Others,Others,1
56256-UTT,Male,40,No,Uttar Pradesh,14,15,,No,Fiber Optic,No,No,No,No,No,No,No,Yes,Month-to-Month,Yes,Credit Card,70.3,220.4,249.62,Joined,Others,Others,1
32587-UTT,Female,30,No,Uttar Pradesh,1,27,,No,Cable,No,No,No,No,No,No,No,Yes,Month-to-Month,No,Credit Card,45.45,141.7,202.81,Joined,Others,Others,1
86970-KER,Male,57,Yes,Kerala,2,9,,No,DSL,No,Yes,No,No,No,No,No,No,Month-to-Month,No,Bank Withdrawal,49.5,49.5,96.49,Joined,Others,Others,1
66766-UTT,Female,38,No,Uttar Pradesh,6,10,Deal 5,Yes,Fiber Optic,No,No,No,No,No,No,No,Yes,Month-to-Month,Yes,Bank Withdrawal,74.95,212.4,189.72,Joined,Others,Others,1
34713-KER,Male,58,Yes,Kerala,1,29,Deal 5,Yes,Fiber Optic,Yes,No,No,No,No,Yes,Yes,Yes,Month-to-Month,No,Credit Card,90.75,174.75,229.09,Joined,Others,Others,1
82170-TAM,Male,41,No,Tamil Nadu,5,29,,No,DSL,No,No,No,No,No,No,No,Yes,Month-to-Month,No,Mailed Check,44.6,44.6,89.88,Joined,Others,Others,1
74033-ASS,Female,45,Yes,Assam,15,20,,No,Cable,No,No,No,No,No,No,No,Yes,Month-to-Month,No,Bank Withdrawal,25.25,25.25,25.25,Joined,Others,Others,1
26139-KAR,Male,76,No,Karnataka,5,22,Deal 5,No,DSL,No,No,Yes,No,No,No,No,Yes,Two Year,No,Mailed Check,49.95,107.1,183.04,Joined,Others,Others,0
32966-HAR,Female,23,No,Haryana,3,7,,No,,No,No,No,No,No,No,No,No,Month-to-Month,No,Bank Withdrawal,19.2,19.2,45.57,Joined,Others,Others,1
94124-MAH,Female,21,No,Maharashtra,9,8,,No,Fiber Optic,No,No,No,No,Yes,No,No,Yes,Month-to-Month,Yes,Bank Withdrawal,79.95,174.45,249.85,Joined,Others,Others,1
13823-TEL,Female,31,Yes,Telangana,1,28,Deal 5,No,DSL,No,No,No,No,No,No,No,Yes,Month-to-Month,No,Bank Withdrawal,24.5,46.4,46.4,Joined,Others,Others,1
57457-MAD,Female,46,No,Madhya Pradesh,14,34,,No,,No,No,No,No,No,No,No,No,Month-to-Month,No,Mailed Check,20,38,106.76,Joined,Others,Others,1
96967-CHH,Female,33,No,Chhattisgarh,5,8,,No,Fiber Optic,No,No,No,No,Yes,Yes,Yes,Yes,Month-to-Month,Yes,Bank Withdrawal,89.35,89.35,94.71,Joined,Others,Others,1
71210-WES,Female,58,No,West Bengal,15,28,,No,,No,No,No,No,No,No,No,No,Month-to-Month,No,Credit Card,19.85,19.85,48.95,Joined,Others,Others,1
53764-WES,Male,36,No,West Bengal,10,23,,No,Cable,No,No,No,No,No,No,No,Yes,Month-to-Month,Yes,Credit Card,24.9,24.9,24.9,Joined,Others,Others,1
39128-PUN,Male,36,No,Punjab,15,22,Deal 5,No,DSL,No,No,No,No,No,No,No,No,Month-to-Month,Yes,Bank Withdrawal,44.75,44.75,73.32,Joined,Others,Others,1
65405-MAH,Female,65,Yes,Maharashtra,7,18,,No,,No,No,No,No,No,No,No,No,One Year,No,Mailed Check,20.25,71.2,75.61,Joined,Others,Others,0
87024-KAR,Male,58,No,Karnataka,14,8,Deal 5,No,Fiber Optic,No,No,No,No,No,No,No,Yes,Month-to-Month,Yes,Credit Card,71.3,157.75,171.23,Joined,Others,Others,1
99855-MAH,Female,50,Yes,Maharashtra,5,29,,No,Fiber Optic,No,No,No,No,No,No,No,Yes,Month-to-Month,Yes,Bank Withdrawal,69.7,135.2,166.54,Joined,Others,Others,1
39866-MAH,Female,24,No,Maharashtra,1,12,Deal 5,No,DSL,No,No,No,No,No,No,No,No,Month-to-Month,No,Bank Withdrawal,45.55,84.4,178.2,Joined,Others,Others,1
97427-JAM,Female,27,Yes,Jammu & Kashmir,9,2,Deal 5,No,,No,No,No,No,No,No,No,No,Month-to-Month,Yes,Credit Card,20.35,20.35,50.21,Joined,Others,Others,1
92527-KAR,Female,40,No,Karnataka,7,16,,No,,No,No,No,No,No,No,No,No,Month-to-Month,Yes,Credit Card,20.05,20.05,23.28,Joined,Others,Others,1
33910-TEL,Female,63,No,Telangana,4,30,,No,,No,No,No,No,No,No,No,No,Month-to-Month,No,Bank Withdrawal,19.55,61.05,183.99,Joined,Others,Others,1
85506-MAH,Female,23,No,Maharashtra,0,10,,No,,No,No,No,No,No,No,No,No,One Year,No,Credit Card,20.2,34.75,111.57,Joined,Others,Others,0
57012-TAM,Female,78,Yes,Tamil Nadu,11,29,Deal 5,No,DSL,No,No,No,No,No,No,No,Yes,Two Year,No,Bank Withdrawal,45.2,45.2,94.54,Joined,Others,Others,1
46190-GUJ,Male,27,Yes,Gujarat,0,36,Deal 5,No,DSL,No,No,No,No,No,Yes,Yes,No,Month-to-Month,No,Mailed Check,55.55,55.55,118.87,Joined,Others,Others,1
36628-GUJ,Female,44,Yes,Gujarat,7,1,Deal 5,No,Fiber Optic,Yes,No,No,Yes,No,No,No,Yes,Month-to-Month,Yes,Bank Withdrawal,80.15,194.55,247.71,Joined,Others,Others,1
46730-ASS,Female,18,No,Assam,5,4,Deal 5,No,Fiber Optic,No,Yes,No,No,No,No,No,Yes,Month-to-Month,Yes,Bank Withdrawal,74.75,144.8,231.92,Joined,Others,Others,1
47492-AND,Female,30,Yes,Andhra Pradesh,15,24,Deal 5,No,,No,No,No,No,No,No,No,No,Month-to-Month,Yes,Bank Withdrawal,20.15,20.15,38.78,Joined,Others,Others,1
33472-HAR,Female,77,No,Haryana,0,16,,No,Fiber Optic,No,No,Yes,No,No,No,No,Yes,Two Year,No,Bank Withdrawal,73.85,196.4,336.35,Joined,Others,Others,0
49273-PUD,Female,45,Yes,Puducherry,11,15,Deal 5,No,DSL,Yes,Yes,No,Yes,No,No,No,Yes,Two Year,No,Mailed Check,59.5,130.5,215.6,Joined,Others,Others,0
44700-DEL,Female,48,No,Delhi,10,19,Deal 5,Yes,Fiber Optic,No,No,No,No,Yes,No,No,No,Month-to-Month,Yes,Bank Withdrawal,84.6,84.6,91.94,Joined,Others,Others,1
25517-RAJ,Female,40,No,Rajasthan,4,10,,Yes,Fiber Optic,No,No,Yes,No,Yes,No,No,No,Month-to-Month,Yes,Bank Withdrawal,91.45,171.45,280.27,Joined,Others,Others,1
25733-HAR,Female,80,No,Haryana,8,33,Deal 5,No,Fiber Optic,No,No,Yes,No,Yes,Yes,No,No,One Year,Yes,Credit Card,95.5,181.65,257.85,Joined,Others,Others,0
79342-KAR,Female,39,Yes,Karnataka,5,22,,No,DSL,Yes,No,No,Yes,Yes,No,No,Yes,Month-to-Month,Yes,Credit Card,64.4,195.65,309.8,Joined,Others,Others,1
74804-WES,Female,46,No,West Bengal,0,5,,No,Fiber Optic,No,No,No,No,No,No,No,No,Month-to-Month,Yes,Credit Card,69.6,207.4,314.31,Joined,Others,Others,1
45561-MAH,Female,44,Yes,Maharashtra,6,7,Deal 5,No,,No,No,No,No,No,No,No,No,Month-to-Month,Yes,Mailed Check,20,40.9,127.44,Joined,Others,Others,1
28681-HAR,Female,33,No,Haryana,4,2,,No,Fiber Optic,No,No,Yes,No,No,No,No,Yes,Month-to-Month,No,Bank Withdrawal,75.55,75.55,82.66,Joined,Others,Others,1
36339-UTT,Female,54,No,Uttar Pradesh,14,7,Deal 5,No,,No,No,No,No,No,No,No,No,Month-to-Month,Yes,Credit Card,19.9,45.75,169.83,Joined,Others,Others,1
73108-GUJ,Female,38,Yes,Gujarat,6,12,,No,,No,No,No,No,No,No,No,No,Month-to-Month,No,Credit Card,20.25,36.8,68.46,Joined,Others,Others,1
86703-WES,Female,54,Yes,West Bengal,14,35,Deal 5,No,,No,No,No,No,No,No,No,No,Month-to-Month,No,Bank Withdrawal,20.65,20.65,22.12,Joined,Others,Others,1
92494-MAH,Female,39,Yes,Maharashtra,11,19,,No,Fiber Optic,Yes,Yes,No,No,Yes,No,No,No,Month-to-Month,Yes,Bank Withdrawal,91.15,168.5,272.06,Joined,Others,Others,1
79427-KAR,Male,67,Yes,Karnataka,12,21,Deal 5,No,Fiber Optic,No,No,No,No,No,No,No,Yes,Month-to-Month,No,Bank Withdrawal,70.1,141.65,211.63,Joined,Others,Others,1
26448-BIH,Female,57,No,Bihar,10,21,Deal 5,No,DSL,No,Yes,No,Yes,Yes,Yes,Yes,Yes,Month-to-Month,Yes,Bank Withdrawal,75.3,244.1,361.07,Joined,Others,Others,1
81118-MAD,Female,31,No,Madhya Pradesh,1,13,,No,Cable,No,No,No,No,No,No,No,Yes,Month-to-Month,Yes,Credit Card,45.8,45.8,59.42,Joined,Others,Others,1
91505-DEL,Male,62,Yes,Delhi,13,36,Deal 5,Yes,Fiber Optic,No,No,No,No,Yes,Yes,Yes,Yes,Two Year,Yes,Bank Withdrawal,94.85,335.75,449.09,Joined,Others,Others,0
83308-TAM,Male,40,No,Tamil Nadu,5,14,,No,DSL,No,Yes,No,No,No,No,No,Yes,Month-to-Month,No,Mailed Check,29.65,90.05,90.05,Joined,Others,Others,1
82559-CHH,Male,34,Yes,Chhattisgarh,0,33,Deal 5,No,DSL,No,Yes,No,Yes,No,Yes,Yes,No,Month-to-Month,Yes,Credit Card,64.2,143.65,182.47,Joined,Others,Others,1
72275-GUJ,Female,45,Yes,Gujarat,8,4,,No,,No,No,No,No,No,No,No,No,One Year,No,Credit Card,19.95,47.7,110.6,Joined,Others,Others,0
96430-PUN,Male,37,No,Punjab,0,23,,No,DSL,Yes,No,No,No,No,No,No,Yes,Month-to-Month,Yes,Credit Card,48.75,48.75,75.01,Joined,Others,Others,1
82118-JAM,Female,69,Yes,Jammu & Kashmir,3,6,Deal 5,No,Cable,No,No,No,No,No,No,No,Yes,Month-to-Month,No,Mailed Check,24.2,24.2,24.2,Joined,Others,Others,1
61203-PUN,Female,19,No,Punjab,11,11,,Yes,Cable,No,No,No,Yes,Yes,No,No,Yes,Month-to-Month,No,Bank Withdrawal,64.6,174.2,297.17,Joined,Others,Others,1
58577-ODI,Female,44,Yes,Odisha,7,36,Deal 5,No,DSL,No,No,No,No,No,No,No,Yes,Month-to-Month,Yes,Credit Card,45.85,105.6,116.54,Joined,Others,Others,1
43908-WES,Male,36,No,West Bengal,3,25,,No,Fiber Optic,No,No,No,No,No,No,No,Yes,Month-to-Month,No,Bank Withdrawal,70.35,139.25,228.79,Joined,Others,Others,1
47611-WES,Male,25,No,West Bengal,4,31,,No,DSL,No,No,No,No,No,Yes,Yes,No,Month-to-Month,Yes,Bank Withdrawal,55.25,55.25,154.44,Joined,Others,Others,1
95594-TAM,Female,64,No,Tamil Nadu,4,1,,No,DSL,No,No,No,No,No,No,No,Yes,Month-to-Month,No,Bank Withdrawal,44,44,59.66,Joined,Others,Others,1
55043-UTT,Male,43,Yes,Uttar Pradesh,8,17,,No,Fiber Optic,No,No,No,No,No,No,No,No,Month-to-Month,Yes,Bank Withdrawal,69.9,69.9,89.26,Joined,Others,Others,1
43604-TAM,Female,18,No,Tamil Nadu,14,7,Deal 5,No,,No,No,No,No,No,No,No,No,One Year,No,Mailed Check,19.65,19.65,43.06,Joined,Others,Others,1
52695-UTT,Female,52,No,Uttar Pradesh,14,34,,No,,No,No,No,No,No,No,No,No,Month-to-Month,No,Credit Card,20.35,35.1,40.02,Joined,Others,Others,1
89303-AND,Male,51,No,Andhra Pradesh,6,11,Deal 5,No,Fiber Optic,No,No,No,No,No,No,No,Yes,Month-to-Month,No,Credit Card,69.95,143.9,202.1,Joined,Others,Others,1
19747-WES,Female,47,No,West Bengal,15,19,Deal 5,No,DSL,Yes,No,No,Yes,No,Yes,Yes,No,Month-to-Month,Yes,Bank Withdrawal,64.5,177.4,356.05,Joined,Others,Others,1
25048-TEL,Male,47,No,Telangana,15,9,Deal 5,Yes,,No,No,No,No,No,No,No,No,Month-to-Month,No,Credit Card,24,24,56.95,Joined,Others,Others,1
79700-KER,Female,53,No,Kerala,5,30,,Yes,Fiber Optic,No,Yes,Yes,No,Yes,Yes,Yes,Yes,Month-to-Month,No,Mailed Check,107.95,313.6,456.1,Joined,Others,Others,1
93667-KER,Female,38,No,Kerala,7,33,,No,,No,No,No,No,No,No,No,No,One Year,Yes,Credit Card,20.55,57.4,91.21,Joined,Others,Others,0
36323-UTT,Female,48,No,Uttar Pradesh,14,11,,No,,No,No,No,No,No,No,No,No,One Year,No,Bank Withdrawal,20.5,38.25,100.27,Joined,Others,Others,1
45771-KAR,Female,50,No,Karnataka,3,7,,No,DSL,No,No,No,No,No,No,No,Yes,Month-to-Month,No,Credit Card,44.45,44.45,67.79,Joined,Others,Others,1
27561-UTT,Female,19,No,Uttar Pradesh,6,10,Deal 5,No,,No,No,No,No,No,No,No,No,Month-to-Month,Yes,Credit Card,20.25,20.25,67.5,Joined,Others,Others,1
21247-ASS,Male,58,Yes,Assam,2,2,,No,,No,No,No,No,No,No,No,No,Month-to-Month,Yes,Credit Card,19.5,19.5,27.52,Joined,Others,Others,1
87077-TAM,Male,62,Yes,Tamil Nadu,3,21,Deal 5,No,Cable,No,No,Yes,No,Yes,Yes,Yes,Yes,Month-to-Month,No,Credit Card,69,147.8,202.62,Joined,Others,Others,1
17250-HAR,Female,23,Yes,Haryana,12,2,,No,DSL,No,Yes,No,No,No,No,No,Yes,Month-to-Month,No,Credit Card,49.25,97,178.5,Joined,Others,Others,1
89382-ASS,Male,56,No,Assam,5,29,Deal 5,No,DSL,No,No,No,Yes,No,No,No,Yes,Month-to-Month,Yes,Bank Withdrawal,29.75,96.85,96.85,Joined,Others,Others,1
16032-AND,Female,47,No,Andhra Pradesh,8,18,,No,DSL,No,No,No,No,No,No,No,Yes,Month-to-Month,Yes,Bank Withdrawal,46.6,87.9,91.64,Joined,Others,Others,1
47957-GUJ,Female,26,No,Gujarat,4,2,Deal 5,No,,No,No,No,No,No,No,No,No,Month-to-Month,Yes,Credit Card,20.45,20.45,62.62,Joined,Others,Others,1
49201-GUJ,Female,37,No,Gujarat,11,30,,No,DSL,Yes,No,No,No,No,No,No,Yes,Month-to-Month,No,Credit Card,29.9,29.9,29.9,Joined,Others,Others,1
74979-MAD,Female,49,Yes,Madhya Pradesh,10,14,Deal 5,No,Cable,No,No,No,Yes,No,No,No,Yes,Month-to-Month,No,Bank Withdrawal,29.05,44.75,44.75,Joined,Others,Others,1
54172-RAJ,Female,64,Yes,Rajasthan,0,9,Deal 5,Yes,DSL,No,Yes,No,No,No,No,No,Yes,Month-to-Month,Yes,Credit Card,56.55,118.25,181.73,Joined,Others,Others,1
83080-HAR,Female,54,No,Haryana,9,4,,No,Fiber Optic,No,No,No,No,No,No,No,Yes,Month-to-Month,Yes,Bank Withdrawal,70.15,194.2,211.09,Joined,Others,Others,1
41795-UTT,Female,58,No,Uttar Pradesh,5,10,,No,,No,No,No,No,No,No,No,No,Month-to-Month,No,Credit Card,19.75,19.75,61.03,Joined,Others,Others,1
16733-ODI,Female,76,Yes,Odisha,10,1,,No,DSL,No,No,No,No,No,No,No,Yes,Month-to-Month,Yes,Credit Card,45.85,45.85,86.23,Joined,Others,Others,1
25763-JHA,Female,47,Yes,Jharkhand,9,3,Deal 5,No,Cable,No,No,No,No,No,No,No,Yes,Month-to-Month,No,Bank Withdrawal,44.15,44.15,53.97,Joined,Others,Others,1
28266-JAM,Male,32,No,Jammu & Kashmir,6,1,,No,DSL,No,No,No,No,No,No,No,Yes,Month-to-Month,No,Credit Card,25.35,25.35,25.35,Joined,Others,Others,1
32080-WES,Male,33,Yes,West Bengal,1,12,,No,,No,No,No,No,No,No,No,No,Month-to-Month,Yes,Credit Card,19.6,55.25,180.95,Joined,Others,Others,0
67994-MAD,Male,75,Yes,Madhya Pradesh,12,33,Deal 5,No,DSL,No,No,No,No,No,No,No,Yes,Two Year,No,Bank Withdrawal,46.3,46.3,57.81,Joined,Others,Others,1
12340-DEL,Female,51,Yes,Delhi,0,10,,No,Cable,No,No,No,No,Yes,Yes,Yes,Yes,Month-to-Month,Yes,Credit Card,62.8,62.8,104.99,Joined,Others,Others,1
31476-TEL,Male,42,Yes,Telangana,5,33,Deal 5,No,,No,No,No,No,No,No,No,No,Month-to-Month,No,Credit Card,19.95,19.95,47.03,Joined,Others,Others,1
31918-KAR,Female,37,No,Karnataka,15,34,,No,Cable,Yes,No,Yes,Yes,No,No,No,Yes,Month-to-Month,No,Credit Card,41.35,107.25,107.25,Joined,Others,Others,1
66413-TAM,Female,53,No,Tamil Nadu,12,4,,No,Fiber Optic,No,No,No,No,Yes,No,No,No,Month-to-Month,Yes,Bank Withdrawal,80.5,232.35,312.93,Joined,Others,Others,1
97615-MAH,Female,23,Yes,Maharashtra,11,10,Deal 5,No,,No,No,No,No,No,No,No,No,Month-to-Month,No,Credit Card,20.2,20.2,61.3,Joined,Others,Others,1
42089-MAH,Female,32,No,Maharashtra,2,34,Deal 5,No,,No,No,No,No,No,No,No,No,Month-to-Month,No,Credit Card,20.7,57.5,172.73,Joined,Others,Others,1
75641-PUN,Male,77,No,Punjab,9,28,,No,Fiber Optic,No,Yes,No,No,Yes,No,No,Yes,Two Year,Yes,Bank Withdrawal,83.8,163.7,229.66,Joined,Others,Others,0
64095-BIH,Male,27,No,Bihar,2,17,,No,,No,No,No,No,No,No,No,No,One Year,Yes,Bank Withdrawal,-3,20.2,64.89,Joined,Others,Others,1
75671-PUD,Female,34,Yes,Puducherry,8,13,,No,Cable,No,No,No,No,No,No,No,Yes,Month-to-Month,Yes,Bank Withdrawal,45.4,80.95,102.57,Joined,Others,Others,1
29525-TAM,Female,50,Yes,Tamil Nadu,9,3,Deal 5,No,DSL,No,No,No,No,No,No,No,Yes,Month-to-Month,No,Credit Card,25,78.25,78.25,Joined,Others,Others,1
18415-KAR,Female,33,Yes,Karnataka,7,36,,No,,No,No,No,No,No,No,No,No,Month-to-Month,No,Mailed Check,19.1,19.1,24.12,Joined,Others,Others,1
35635-TEL,Female,26,Yes,Telangana,10,5,,No,,No,No,No,No,No,No,No,No,Month-to-Month,No,Mailed Check,20.4,20.4,38.21,Joined,Others,Others,1
67752-MAH,Female,28,No,Maharashtra,0,24,,No,Cable,No,No,No,No,No,No,No,Yes,Month-to-Month,No,Credit Card,45.3,45.3,92.66,Joined,Others,Others,1
51961-BIH,Male,47,No,Bihar,9,25,Deal 5,No,DSL,Yes,No,No,No,No,No,No,Yes,Month-to-Month,No,Credit Card,50.95,123.05,196.97,Joined,Others,Others,1
23632-HAR,Female,37,Yes,Haryana,2,16,Deal 5,No,Fiber Optic,Yes,No,No,No,Yes,Yes,Yes,Yes,Month-to-Month,No,Bank Withdrawal,97.1,184.15,262.85,Joined,Others,Others,1
38920-PUN,Female,50,No,Punjab,8,7,,No,Cable,No,No,No,No,No,No,No,No,Month-to-Month,Yes,Bank Withdrawal,43.85,43.85,69.75,Joined,Others,Others,1
51597-MAD,Female,26,Yes,Madhya Pradesh,10,18,,No,,No,No,No,No,No,No,No,No,Month-to-Month,No,Credit Card,19.9,19.9,21.4,Joined,Others,Others,1
88107-JAM,Female,58,No,Jammu & Kashmir,10,34,,No,DSL,No,No,No,Yes,No,No,No,No,Month-to-Month,No,Credit Card,30.55,30.55,70.55,Joined,Others,Others,1
86315-TAM,Female,54,No,Tamil Nadu,6,13,Deal 5,No,,No,No,No,No,No,No,No,No,Month-to-Month,No,Bank Withdrawal,20.95,20.95,23.24,Joined,Others,Others,1
35995-PUN,Female,34,No,Punjab,3,23,,No,,No,No,No,No,No,No,No,No,Month-to-Month,No,Mailed Check,20,63.6,184.2,Joined,Others,Others,0
84577-TEL,Female,59,Yes,Telangana,11,29,,No,Cable,No,Yes,No,No,Yes,No,No,Yes,Month-to-Month,Yes,Bank Withdrawal,59,114.15,168.19,Joined,Others,Others,1
23855-MAH,Female,53,Yes,Maharashtra,13,9,,No,DSL,No,No,No,No,No,No,No,Yes,Month-to-Month,No,Bank Withdrawal,44.9,111.05,121.21,Joined,Others,Others,1
71183-TAM,Female,39,No,Tamil Nadu,1,33,,No,,No,No,No,No,No,No,No,No,One Year,No,Credit Card,19.6,61.35,168.3,Joined,Others,Others,0
43297-MAH,Male,60,No,Maharashtra,12,18,,No,Cable,No,No,No,Yes,No,No,No,No,Month-to-Month,Yes,Credit Card,50.2,109.25,131.93,Joined,Others,Others,1
59750-AND,Female,49,Yes,Andhra Pradesh,11,4,,Yes,Fiber Optic,No,No,No,No,No,No,No,Yes,Month-to-Month,Yes,Credit Card,74.9,136.05,218.21,Joined,Others,Others,1
83050-PUN,Female,25,Yes,Punjab,7,20,,No,,No,No,No,No,No,No,No,No,One Year,No,Credit Card,20.45,34.8,126.8,Joined,Others,Others,0
93700-MAH,Female,57,No,Maharashtra,8,20,Deal 5,No,Cable,Yes,No,No,No,No,No,No,Yes,Month-to-Month,Yes,Credit Card,50.7,50.7,88.75,Joined,Others,Others,1
86369-BIH,Female,59,No,Bihar,1,2,Deal 5,Yes,DSL,No,Yes,No,No,No,No,No,No,Month-to-Month,No,Bank Withdrawal,54.3,54.3,98.32,Joined,Others,Others,1
62359-AND,Female,48,Yes,Andhra Pradesh,5,24,Deal 5,No,Cable,No,Yes,No,Yes,No,No,No,No,Month-to-Month,No,Credit Card,33.6,33.6,83.6,Joined,Others,Others,1
81763-DEL,Male,36,Yes,Delhi,7,7,,No,Fiber Optic,Yes,No,Yes,No,No,No,No,Yes,Month-to-Month,Yes,Bank Withdrawal,80.45,137.1,207.92,Joined,Others,Others,1
89188-KAR,Female,26,Yes,Karnataka,3,9,,No,,No,No,No,No,No,No,No,No,Month-to-Month,Yes,Mailed Check,20.55,33.6,67,Joined,Others,Others,1
83939-AND,Female,42,No,Andhra Pradesh,8,27,,No,,No,No,No,No,No,No,No,No,Month-to-Month,No,Bank Withdrawal,20.1,43.15,108.87,Joined,Others,Others,1
55757-KAR,Female,32,Yes,Karnataka,2,9,Deal 5,No,Cable,No,No,Yes,Yes,No,No,No,Yes,Month-to-Month,Yes,Mailed Check,55.8,154.55,167.12,Joined,Others,Others,1
98767-WES,Female,26,No,West Bengal,14,7,,No,,No,No,No,No,No,No,No,No,Month-to-Month,No,Credit Card,20.05,20.05,31.15,Joined,Others,Others,1
44208-AND,Female,25,Yes,Andhra Pradesh,2,20,,Yes,DSL,No,Yes,Yes,No,Yes,No,No,No,Month-to-Month,Yes,Bank Withdrawal,69.15,235,307.84,Joined,Others,Others,1
32375-UTT,Female,23,Yes,Uttar Pradesh,1,3,,No,,No,No,No,No,No,No,No,No,Month-to-Month,No,Mailed Check,20.9,20.9,31.11,Joined,Others,Others,1
28237-JHA,Female,52,No,Jharkhand,7,9,Deal 5,No,Fiber Optic,No,No,No,No,No,No,No,Yes,Month-to-Month,Yes,Bank Withdrawal,69.85,199.85,304.13,Joined,Others,Others,1
21642-TEL,Male,60,Yes,Telangana,12,29,,No,DSL,Yes,No,No,Yes,No,No,No,Yes,Month-to-Month,No,Bank Withdrawal,54.5,54.5,87.71,Joined,Others,Others,1
46081-TAM,Male,41,Yes,Tamil Nadu,14,29,,No,DSL,No,No,No,No,No,No,No,Yes,Month-to-Month,No,Credit Card,45.15,45.15,87.49,Joined,Others,Others,1
13744-AND,Female,41,Yes,Andhra Pradesh,8,3,Deal 5,No,,No,No,No,No,No,No,No,No,Month-to-Month,Yes,Bank Withdrawal,19.65,19.65,33.5,Joined,Others,Others,1
71234-HAR,Female,44,No,Haryana,10,34,,No,,No,No,No,No,No,No,No,No,Month-to-Month,Yes,Credit Card,19.4,19.4,43.37,Joined,Others,Others,1
15803-UTT,Female,34,No,Uttar Pradesh,6,31,,No,,No,No,No,No,No,No,No,No,Month-to-Month,No,Credit Card,19.15,19.15,41.52,Joined,Others,Others,1
41427-HAR,Male,37,No,Haryana,13,13,Deal 5,No,,No,No,No,No,No,No,No,No,Month-to-Month,No,Bank Withdrawal,20.2,20.2,44.68,Joined,Others,Others,1
31294-KAR,Male,50,Yes,Karnataka,15,33,Deal 5,No,DSL,Yes,No,No,No,No,No,No,Yes,Month-to-Month,No,Bank Withdrawal,49.75,49.75,91.54,Joined,Others,Others,1
33621-MAD,Female,42,No,Madhya Pradesh,13,12,Deal 5,No,Fiber Optic,No,No,No,No,No,No,No,No,Month-to-Month,Yes,Bank Withdrawal,70.35,120.25,155.65,Joined,Others,Others,1
77911-TEL,Female,20,No,Telangana,5,8,Deal 5,Yes,,No,No,No,No,No,No,No,No,Month-to-Month,Yes,Credit Card,23.6,89.05,131.35,Joined,Others,Others,0
77658-AND,Male,44,No,Andhra Pradesh,0,4,Deal 5,No,DSL,No,No,No,No,No,No,No,Yes,Month-to-Month,Yes,Bank Withdrawal,24.4,24.4,24.4,Joined,Others,Others,1
13123-BIH,Female,46,No,Bihar,13,18,Deal 5,No,Fiber Optic,Yes,Yes,No,No,Yes,Yes,Yes,No,Month-to-Month,No,Bank Withdrawal,100.2,198.5,253.62,Joined,Others,Others,1
42864-ODI,Female,29,No,Odisha,2,10,Deal 5,No,DSL,No,Yes,No,No,No,No,No,Yes,Month-to-Month,Yes,Mailed Check,30.25,63.75,63.75,Joined,Others,Others,1
51751-KER,Female,62,No,Kerala,9,25,,No,Fiber Optic,No,No,No,No,No,No,No,Yes,Month-to-Month,Yes,Bank Withdrawal,70.15,123.8,191.3,Joined,Others,Others,1
76419-KAR,Male,46,Yes,Karnataka,14,28,,Yes,Fiber Optic,No,No,No,No,Yes,Yes,Yes,Yes,Month-to-Month,No,Bank Withdrawal,94.9,273.2,282.11,Joined,Others,Others,1
39332-TEL,Female,44,Yes,Telangana,6,8,,No,Fiber Optic,No,No,No,No,Yes,No,No,No,Month-to-Month,Yes,Bank Withdrawal,80.55,80.55,146.48,Joined,Others,Others,1
49304-KAR,Female,32,Yes,Karnataka,6,33,,Yes,DSL,No,No,No,No,No,No,No,Yes,Month-to-Month,Yes,Credit Card,49.8,49.8,53.77,Joined,Others,Others,1
31129-AND,Male,68,No,Andhra Pradesh,15,15,,No,Fiber Optic,No,No,No,No,No,No,No,No,Month-to-Month,Yes,Bank Withdrawal,70.35,70.35,94.77,Joined,Others,Others,1
99475-KAR,Male,22,Yes,Karnataka,11,11,,No,DSL,No,Yes,No,No,No,No,No,Yes,Month-to-Month,No,Credit Card,51.55,106.2,143.42,Joined,Others,Others,1
55831-TAM,Male,43,No,Tamil Nadu,11,13,Deal 5,No,,No,No,No,No,No,No,No,No,Month-to-Month,No,Mailed Check,19.95,58.3,73.75,Joined,Others,Others,1
99144-UTT,Female,41,No,Uttar Pradesh,9,20,,No,,No,No,No,No,No,No,No,No,Month-to-Month,Yes,Credit Card,19.65,68.35,175.12,Joined,Others,Others,0
92228-BIH,Female,22,Yes,Bihar,10,9,,No,Cable,No,No,No,No,No,No,No,Yes,Month-to-Month,Yes,Credit Card,25.15,25.15,25.15,Joined,Others,Others,1
37131-MAH,Male,52,No,Maharashtra,6,2,,No,Fiber Optic,No,No,No,No,Yes,Yes,Yes,Yes,Month-to-Month,Yes,Bank Withdrawal,89.25,89.25,105.89,Joined,Others,Others,1
17597-HAR,Female,33,Yes,Haryana,2,6,Deal 5,No,DSL,No,Yes,No,No,No,No,No,Yes,Month-to-Month,Yes,Bank Withdrawal,29.85,29.85,29.85,Joined,Others,Others,1
82427-MAH,Male,36,No,Maharashtra,15,28,Deal 5,No,,No,No,No,No,No,No,No,No,Month-to-Month,No,Credit Card,19.55,19.55,37.49,Joined,Others,Others,1
28378-MAD,Female,65,No,Madhya Pradesh,12,1,Deal 5,No,,No,No,No,No,No,No,No,No,Month-to-Month,No,Bank Withdrawal,19.45,19.45,66.04,Joined,Others,Others,1
18027-UTT,Female,58,Yes,Uttar Pradesh,15,30,Deal 5,No,,No,No,No,No,No,No,No,No,Month-to-Month,Yes,Credit Card,19.9,33.7,41.34,Joined,Others,Others,1
28398-TEL,Male,59,Yes,Telangana,3,23,Deal 5,No,,No,No,No,No,No,No,No,No,Month-to-Month,No,Credit Card,20,20,45.99,Joined,Others,Others,1
13946-HAR,Female,41,Yes,Haryana,1,3,Deal 5,No,,No,No,No,No,No,No,No,No,Month-to-Month,No,Credit Card,19.65,19.65,43.32,Joined,Others,Others,1
38577-BIH,Female,30,Yes,Bihar,6,36,,No,DSL,No,No,No,No,No,No,No,Yes,Month-to-Month,Yes,Bank Withdrawal,44.5,90.05,151.79,Joined,Others,Others,1
83736-UTT,Male,43,Yes,Uttar Pradesh,1,25,,No,DSL,No,No,No,No,No,No,No,Yes,Month-to-Month,No,Credit Card,45.35,45.35,57.81,Joined,Others,Others,1
51657-TAM,Male,54,No,Tamil Nadu,13,16,,No,,No,No,No,No,No,No,No,No,Month-to-Month,No,Credit Card,20.85,60.65,119.39,Joined,Others,Others,1
22782-ODI,Female,50,Yes,Odisha,2,28,,No,,No,No,No,No,No,No,No,No,Month-to-Month,No,Credit Card,19.3,54.7,85.09,Joined,Others,Others,1
61331-UTT,Male,36,Yes,Uttarakhand,2,10,Deal 5,No,DSL,Yes,No,No,No,No,No,No,Yes,Month-to-Month,Yes,Credit Card,50.75,50.75,96.52,Joined,Others,Others,1
83440-GUJ,Male,53,No,Gujarat,4,14,,No,,No,No,No,No,No,No,No,No,Month-to-Month,No,Bank Withdrawal,20,49.65,142.83,Joined,Others,Others,1
23078-UTT,Female,57,Yes,Uttar Pradesh,3,24,,No,,No,No,No,No,No,No,No,No,Month-to-Month,Yes,Bank Withdrawal,20.3,20.3,26.94,Joined,Others,Others,1
53350-TEL,Male,37,Yes,Telangana,6,22,,Yes,Fiber Optic,No,No,No,No,No,No,No,Yes,Month-to-Month,No,Bank Withdrawal,74.5,217.45,238.36,Joined,Others,Others,1
85027-KAR,Male,57,No,Karnataka,14,27,Deal 5,No,,No,No,No,No,No,No,No,No,Month-to-Month,Yes,Credit Card,19.75,19.75,21.36,Joined,Others,Others,1
53449-MAH,Female,52,No,Maharashtra,8,17,,No,,No,No,No,No,No,No,No,No,Month-to-Month,No,Credit Card,19.9,19.9,22.28,Joined,Others,Others,1
78978-UTT,Male,54,No,Uttar Pradesh,0,13,Deal 5,No,,No,No,No,No,No,No,No,No,Month-to-Month,No,Credit Card,19.3,19.3,35.66,Joined,Others,Others,1
78220-TAM,Female,21,Yes,Tamil Nadu,14,10,,No,Fiber Optic,No,No,Yes,Yes,Yes,No,Yes,Yes,Month-to-Month,Yes,Credit Card,89.85,244.45,319.75,Joined,Others,Others,1
85428-HAR,Female,62,Yes,Haryana,11,18,,No,,No,No,No,No,No,No,No,No,Month-to-Month,No,Credit Card,20.1,39.8,110.8,Joined,Others,Others,1
52641-JHA,Female,44,Yes,Jharkhand,7,29,,No,Fiber Optic,No,No,No,No,No,No,No,Yes,Month-to-Month,No,Mailed Check,71.1,71.1,108.61,Joined,Others,Others,1
68556-MAH,Male,68,No,Maharashtra,4,23,,No,,No,No,No,No,No,No,No,No,Month-to-Month,No,Credit Card,20.2,20.2,33.28,Joined,Others,Others,1
61025-MAH,Female,45,No,Maharashtra,4,16,Deal 5,No,DSL,No,No,Yes,No,No,No,No,Yes,Month-to-Month,Yes,Bank Withdrawal,49.85,49.85,92.4,Joined,Others,Others,1
41500-KAR,Male,31,No,Karnataka,1,31,Deal 5,No,,No,No,No,No,No,No,No,No,Month-to-Month,No,Credit Card,19.85,51.6,106.54,Joined,Others,Others,1
27461-MAD,Male,22,Yes,Madhya Pradesh,7,6,Deal 5,No,Cable,No,No,No,No,No,No,No,Yes,Month-to-Month,Yes,Credit Card,44.55,44.55,67.59,Joined,Others,Others,1
77311-MAD,Male,47,Yes,Madhya Pradesh,9,19,Deal 5,No,,No,No,No,No,No,No,No,No,Month-to-Month,No,Credit Card,20.25,20.25,60.71,Joined,Others,Others,1
29093-ASS,Male,57,Yes,Assam,6,6,,No,,No,No,No,No,No,No,No,No,Month-to-Month,Yes,Mailed Check,20.45,20.45,32.06,Joined,Others,Others,1
83817-UTT,Male,48,No,Uttar Pradesh,8,18,,No,,No,No,No,No,No,No,No,No,Month-to-Month,Yes,Mailed Check,21.05,21.05,31.19,Joined,Others,Others,1
38452-MAH,Female,34,No,Maharashtra,6,14,Deal 5,No,DSL,Yes,No,No,No,No,No,No,Yes,Month-to-Month,No,Bank Withdrawal,47.95,47.95,94.18,Joined,Others,Others,1
76233-BIH,Female,78,Yes,Bihar,6,9,Deal 5,No,Fiber Optic,No,No,No,No,No,No,No,No,Two Year,Yes,Credit Card,70.6,70.6,133.21,Joined,Others,Others,0
41196-MAH,Female,29,Yes,Maharashtra,11,10,Deal 5,No,DSL,No,No,No,No,No,No,No,No,Month-to-Month,Yes,Bank Withdrawal,45,45,95.63,Joined,Others,Others,1
19898-HAR,Male,31,Yes,Haryana,3,30,Deal 5,No,,No,No,No,No,No,No,No,No,Month-to-Month,No,Credit Card,19.45,19.45,48.6,Joined,Others,Others,1
88215-KAR,Female,19,No,Karnataka,5,10,Deal 5,Yes,DSL,No,No,No,No,No,No,No,Yes,Month-to-Month,Yes,Bank Withdrawal,50.05,50.05,93.1,Joined,Others,Others,1
71197-PUN,Female,38,No,Punjab,0,33,Deal 5,No,Cable,Yes,No,Yes,No,Yes,Yes,Yes,Yes,Month-to-Month,Yes,Bank Withdrawal,77.4,206.15,339.41,Joined,Others,Others,1
87704-GUJ,Female,38,Yes,Gujarat,9,24,Deal 5,No,,No,No,No,No,No,No,No,No,Two Year,No,Credit Card,20.45,20.45,64.27,Joined,Others,Others,1
65531-MAH,Female,55,No,Maharashtra,10,22,,No,,No,No,No,No,No,No,No,No,Month-to-Month,No,Credit Card,19.8,19.8,31.76,Joined,Others,Others,1
85917-TAM,Male,53,Yes,Tamil Nadu,7,15,Deal 5,No,,No,No,No,No,No,No,No,No,Month-to-Month,Yes,Credit Card,19.5,19.5,52.52,Joined,Others,Others,1
16244-UTT,Female,19,Yes,Uttar Pradesh,5,7,,No,,No,No,No,No,No,No,No,No,Month-to-Month,No,Credit Card,19.55,19.55,24.65,Joined,Others,Others,1
44693-UTT,Female,53,No,Uttar Pradesh,11,27,,No,,No,No,No,No,No,No,No,No,One Year,No,Credit Card,20.3,31.9,102.74,Joined,Others,Others,0
51214-MAH,Male,28,No,Maharashtra,12,22,,No,Fiber Optic,No,No,Yes,No,No,No,No,No,Month-to-Month,Yes,Credit Card,73.6,232.5,324.52,Joined,Others,Others,1
82718-TAM,Male,32,Yes,Tamil Nadu,12,7,,No,,No,No,No,No,No,No,No,No,Month-to-Month,No,Bank Withdrawal,20.7,20.7,66.56,Joined,Others,Others,1
67941-PUN,Female,46,No,Punjab,9,13,Deal 5,Yes,DSL,No,Yes,No,No,No,No,No,No,Month-to-Month,No,Credit Card,54.15,101.65,154.25,Joined,Others,Others,1
82965-TEL,Female,38,No,Telangana,8,20,,No,Cable,No,No,No,No,No,No,No,No,Month-to-Month,No,Credit Card,44.75,148.05,262.72,Joined,Others,Others,1
99862-BIH,Female,30,No,Bihar,12,9,Deal 5,No,Fiber Optic,No,No,No,Yes,No,No,No,Yes,Month-to-Month,No,Bank Withdrawal,74,74,97.7,Joined,Others,Others,1
81098-GUJ,Male,31,Yes,Gujarat,13,11,,No,DSL,Yes,No,No,No,No,No,No,Yes,Month-to-Month,No,Credit Card,51.25,51.25,90.55,Joined,Others,Others,1
41235-WES,Female,37,No,West Bengal,8,10,Deal 5,No,DSL,No,No,No,No,No,No,No,Yes,Month-to-Month,Yes,Bank Withdrawal,44.8,44.8,72.26,Joined,Others,Others,1
81235-JHA,Female,42,Yes,Jharkhand,9,32,Deal 5,No,DSL,No,No,No,No,No,No,No,Yes,Month-to-Month,Yes,Credit Card,44.9,44.9,60.66,Joined,Others,Others,1
34169-RAJ,Male,51,Yes,Rajasthan,14,30,Deal 5,Yes,,No,No,No,No,No,No,No,No,Month-to-Month,No,Credit Card,24.85,62,142.5,Joined,Others,Others,1
23148-CHH,Female,74,Yes,Chhattisgarh,4,9,Deal 5,No,DSL,No,No,No,No,No,No,No,Yes,Two Year,No,Bank Withdrawal,44,44,72.67,Joined,Others,Others,1
58044-KAR,Female,31,No,Karnataka,5,13,Deal 5,No,,No,No,No,No,No,No,No,No,Month-to-Month,No,Credit Card,20.35,41.85,52.69,Joined,Others,Others,1
75802-MAH,Female,61,No,Maharashtra,4,3,,No,,No,No,No,No,No,No,No,No,Month-to-Month,No,Credit Card,20.05,20.05,33.56,Joined,Others,Others,1
58848-PUN,Male,58,Yes,Punjab,14,18,,No,Cable,Yes,No,No,No,No,No,No,Yes,Month-to-Month,Yes,Credit Card,49.8,49.8,88.01,Joined,Others,Others,1
33565-UTT,Male,72,Yes,Uttar Pradesh,7,29,,Yes,Fiber Optic,No,No,No,No,No,No,No,Yes,Two Year,No,Bank Withdrawal,74.3,74.3,92.14,Joined,Others,Others,1
89154-RAJ,Female,47,No,Rajasthan,5,3,Deal 5,No,Cable,No,Yes,No,No,No,No,No,Yes,Month-to-Month,No,Credit Card,49.2,103.7,162.26,Joined,Others,Others,1
77678-JHA,Female,41,Yes,Jharkhand,1,29,,No,DSL,Yes,No,No,No,No,No,No,Yes,Month-to-Month,No,Bank Withdrawal,49.55,49.55,60.38,Joined,Others,Others,1
78021-UTT,Female,45,Yes,Uttar Pradesh,12,35,Deal 5,Yes,,No,No,No,No,No,No,No,No,Month-to-Month,Yes,Credit Card,25,25,28.39,Joined,Others,Others,1
29371-WES,Female,23,No,West Bengal,14,9,Deal 5,No,DSL,No,No,No,No,No,Yes,Yes,Yes,Month-to-Month,Yes,Bank Withdrawal,55.3,108.65,196.51,Joined,Others,Others,1
88728-UTT,Female,42,No,Uttar Pradesh,12,9,,No,,No,No,No,No,No,No,No,No,One Year,No,Credit Card,21.2,52.05,88.2,Joined,Others,Others,1
28782-PUN,Male,58,Yes,Punjab,8,7,Deal 5,No,DSL,No,No,No,No,No,No,No,Yes,Month-to-Month,Yes,Mailed Check,44.95,44.95,58.58,Joined,Others,Others,1
49265-BIH,Female,18,Yes,Bihar,4,4,Deal 5,No,Cable,Yes,No,Yes,No,No,No,Yes,Yes,Month-to-Month,No,Credit Card,55.9,157.55,257.39,Joined,Others,Others,1
84770-UTT,Female,38,Yes,Uttar Pradesh,2,21,,No,,No,No,No,No,No,No,No,No,Month-to-Month,No,Mailed Check,20.15,20.15,47.74,Joined,Others,Others,1
75058-TEL,Female,59,No,Telangana,6,14,,No,DSL,No,No,Yes,Yes,Yes,Yes,Yes,Yes,One Year,No,Credit Card,74.1,74.1,110.15,Joined,Others,Others,1
81169-TEL,Female,62,Yes,Telangana,4,2,,No,,No,No,No,No,No,No,No,No,Month-to-Month,No,Bank Withdrawal,18.85,18.85,26.65,Joined,Others,Others,1
65580-UTT,Male,54,No,Uttar Pradesh,6,2,,No,,No,No,No,No,No,No,No,No,Month-to-Month,Yes,Credit Card,19.1,53.05,102.01,Joined,Others,Others,1
41348-BIH,Female,64,No,Bihar,14,13,,No,Fiber Optic,No,No,No,No,Yes,No,No,Yes,Two Year,No,Credit Card,81.5,162.55,212.45,Joined,Others,Others,0
89804-MAH,Male,34,No,Maharashtra,4,31,Deal 5,No,,No,No,No,No,No,No,No,No,Month-to-Month,No,Credit Card,19.4,50.6,80.92,Joined,Others,Others,1
74978-MAH,Female,28,Yes,Maharashtra,1,21,,No,,No,No,No,No,No,No,No,No,Month-to-Month,No,Bank Withdrawal,19.75,19.75,50.13,Joined,Others,Others,1
99996-HAR,Male,22,Yes,Haryana,2,8,Deal 5,No,DSL,Yes,Yes,No,No,No,No,Yes,Yes,Month-to-Month,Yes,Credit Card,53.55,53.55,69.61,Joined,Others,Others,1
21065-HAR,Male,27,No,Haryana,5,10,,No,,No,No,No,No,No,No,No,No,Month-to-Month,No,Credit Card,20.3,20.3,31.14,Joined,Others,Others,1
31412-HAR,Female,81,Yes,Haryana,14,29,,No,,No,No,No,No,No,No,No,No,Two Year,No,Bank Withdrawal,19.2,37.2,51.26,Joined,Others,Others,1
54997-UTT,Female,55,No,Uttar Pradesh,7,23,,No,DSL,No,No,No,No,No,No,No,Yes,Month-to-Month,Yes,Credit Card,44,44,70.15,Joined,Others,Others,1
56728-RAJ,Male,40,No,Rajasthan,0,1,,No,DSL,No,No,No,No,No,No,No,Yes,Month-to-Month,No,Credit Card,45.6,45.6,83.04,Joined,Others,Others,1
47624-TAM,Female,62,Yes,Tamil Nadu,7,29,,No,DSL,No,No,No,No,No,Yes,Yes,Yes,Month-to-Month,No,Mailed Check,-5,189.1,289.69,Joined,Others,Others,1
95053-UTT,Female,32,No,Uttar Pradesh,15,2,,Yes,,No,No,No,No,No,No,No,No,Month-to-Month,No,Credit Card,24.6,86.35,165.34,Joined,Others,Others,0
